id,title,content
1,The Rise of AI,"Artificial intelligence is transforming industries globally. Machine learning and deep learning are key components driving this revolution. Neural networks have become increasingly sophisticated, enabling breakthroughs in natural language processing and computer vision. Companies are investing billions in AI research to gain competitive advantages. The ethical implications of artificial intelligence continue to spark debate among researchers and policymakers around the world."
2,Future of Robotics,"Robotics is advancing rapidly, integrating with AI for autonomous systems. Human-robot interaction is a growing field that promises to reshape manufacturing and healthcare. Collaborative robots known as cobots are working alongside humans in factories. Surgical robots are improving precision in operating rooms. The development of soft robotics is opening new possibilities for delicate tasks and exploration in challenging environments."
3,Data Engineering,"Data engineering leverages tools and computation to move massive amounts of data. Big data analytics is crucial for modern organizations seeking actionable insights. Data pipelines must be reliable and scalable to handle growing volumes of information. Engineers use frameworks like Apache Spark and Kafka to process streaming data in real time. Data quality and governance are essential aspects of building trustworthy data infrastructure."
4,Cloud Computing Trends,"Cloud computing has revolutionized how businesses deploy and manage their infrastructure. Major providers like AWS, Azure, and Google Cloud offer scalable solutions for storage and computation. Serverless architectures are gaining popularity by allowing developers to focus on code without managing servers. Multi-cloud strategies help organizations avoid vendor lock-in. Edge computing is emerging as a complement to cloud services for latency-sensitive applications."
5,Cybersecurity Challenges,"Cybersecurity threats are evolving at an alarming pace as attackers use more sophisticated techniques. Ransomware attacks have targeted hospitals, governments, and critical infrastructure worldwide. Zero trust security models are replacing traditional perimeter-based defenses. Organizations must invest in employee training to combat phishing and social engineering attacks. Encryption and multi-factor authentication remain fundamental tools for protecting sensitive data and systems."
6,Blockchain and Cryptocurrency,"Blockchain technology provides a decentralized ledger for recording transactions securely. Cryptocurrencies like Bitcoin and Ethereum have disrupted traditional financial systems. Smart contracts enable automated agreements without intermediaries. Decentralized finance applications are creating new models for lending and borrowing. Despite volatility concerns, institutional adoption of blockchain solutions continues to grow across banking and supply chain management."
7,Natural Language Processing,"Natural language processing enables machines to understand and generate human language. Transformer models have dramatically improved the quality of machine translation and text summarization. Sentiment analysis helps businesses gauge customer opinions from reviews and social media. Chatbots powered by language models are handling customer service inquiries at scale. Research in multilingual models is breaking down language barriers in global communication."
8,Internet of Things,"The Internet of Things connects billions of devices to collect and exchange data. Smart home devices like thermostats and security cameras are becoming commonplace in households. Industrial IoT sensors monitor equipment health and predict maintenance needs in factories. Connected vehicles communicate with infrastructure to improve traffic flow and safety. Challenges in IoT security and data privacy must be addressed as the number of connected devices grows exponentially."
9,Quantum Computing,"Quantum computing harnesses the principles of quantum mechanics to solve complex problems. Qubits can exist in multiple states simultaneously through superposition, enabling parallel computation. Major technology companies are racing to achieve quantum advantage over classical computers. Quantum algorithms promise breakthroughs in drug discovery, cryptography, and optimization problems. Error correction remains a significant challenge in building practical and reliable quantum systems."
10,DevOps Practices,"DevOps practices bridge the gap between software development and operations teams. Continuous integration and continuous deployment pipelines automate testing and release processes. Infrastructure as code allows teams to manage servers and networks through configuration files. Containerization with Docker and orchestration with Kubernetes have become industry standards. Monitoring and observability tools help teams detect and resolve production issues quickly and efficiently."
11,Machine Learning in Healthcare,"Machine learning is revolutionizing healthcare by enabling early disease detection and diagnosis. Medical imaging algorithms can identify tumors and abnormalities with accuracy comparable to experienced radiologists. Predictive models help hospitals allocate resources and anticipate patient admission patterns. Drug discovery pipelines use machine learning to screen millions of compounds for potential treatments. Patient data privacy and model interpretability are critical concerns in deploying AI solutions in clinical settings."
12,Renewable Energy Technology,"Renewable energy technology is advancing rapidly as the world transitions away from fossil fuels. Solar panel efficiency has improved dramatically while manufacturing costs continue to decline. Wind turbines are being deployed offshore to capture stronger and more consistent wind resources. Battery storage systems are solving the intermittency problem associated with solar and wind power generation. Smart grid technology enables better integration of distributed energy resources into existing power networks."
13,Autonomous Vehicles,"Autonomous vehicles use sensors, cameras, and artificial intelligence to navigate roads without human intervention. Lidar and radar systems create detailed maps of the surrounding environment in real time. Companies are testing self-driving trucks for long-haul freight transportation across highways. Regulatory frameworks are being developed to address liability and safety standards for autonomous driving. The transition to autonomous vehicles could reduce traffic accidents caused by human error significantly."
14,Edge Computing,"Edge computing processes data closer to the source rather than sending everything to centralized cloud servers. This approach reduces latency for applications that require real-time responses like autonomous driving and gaming. Telecommunications companies are deploying edge infrastructure alongside their networks. Edge devices must balance computational power with energy efficiency and physical size constraints. The combination of edge computing and artificial intelligence enables intelligent processing at the network periphery."
15,Software Testing Automation,"Software testing automation reduces the time and effort required to validate application quality. Automated test suites can run hundreds of test cases in minutes compared to days of manual testing. Frameworks like Selenium and Cypress enable browser-based testing of web applications. Test-driven development encourages writing tests before implementing features to ensure code correctness. Continuous testing integrated into deployment pipelines catches bugs before they reach production environments."
16,Data Privacy Regulations,"Data privacy regulations like GDPR and CCPA have transformed how organizations handle personal information. Companies must obtain explicit consent before collecting and processing user data. The right to be forgotten allows individuals to request deletion of their personal data from databases. Privacy by design principles encourage building data protection into systems from the beginning. Non-compliance with data privacy laws can result in substantial fines and reputational damage for organizations."
17,Computer Vision Applications,"Computer vision enables machines to interpret and understand visual information from images and video. Object detection algorithms identify and locate specific items within complex scenes in real time. Facial recognition technology is used for security authentication and surveillance purposes. Autonomous robots use computer vision to navigate warehouses and sort packages efficiently. Medical imaging analysis powered by computer vision helps doctors diagnose conditions from scans and photographs."
18,Microservices Architecture,"Microservices architecture breaks applications into small independent services that communicate through APIs. Each service can be developed, deployed, and scaled independently by different teams. This approach improves fault isolation since a failure in one service does not crash the entire application. Service mesh technologies like Istio manage communication between microservices in complex deployments. Migrating from monolithic architectures to microservices requires careful planning and organizational restructuring."
19,Big Data Analytics,"Big data analytics extracts valuable insights from large and complex datasets that traditional tools cannot process. Hadoop and Spark ecosystems provide distributed computing frameworks for batch and stream processing. Data warehouses and data lakes serve as centralized repositories for structured and unstructured information. Visualization tools help analysts communicate findings through interactive dashboards and reports. Organizations that leverage big data analytics effectively gain competitive advantages in decision making and strategy."
20,Genetic Engineering,"Genetic engineering techniques like CRISPR allow scientists to edit DNA sequences with unprecedented precision. Gene therapy holds promise for treating inherited diseases by correcting faulty genetic code. Agricultural biotechnology creates crop varieties that resist pests and tolerate drought conditions. Ethical debates surround the use of genetic engineering in human embryos and designer organisms. Regulatory agencies worldwide are developing frameworks to govern the responsible use of gene editing technologies."
21,Space Exploration Technology,"Space exploration technology has advanced significantly with reusable rocket systems reducing launch costs dramatically. Private companies are competing alongside government agencies to establish presence beyond Earth orbit. Satellite constellations are being deployed to provide global internet coverage to remote areas. Mars missions are planned with the goal of establishing sustainable human settlements on the planet. Space telescopes continue to reveal new information about distant galaxies and the origins of the universe."
22,Network Security Protocols,"Network security protocols protect data transmission across computer networks from unauthorized access and tampering. TLS encryption secures web traffic between browsers and servers to prevent eavesdropping. Firewalls and intrusion detection systems monitor network traffic for suspicious patterns and threats. Virtual private networks create encrypted tunnels for secure remote access to organizational resources. Regular security audits and penetration testing help identify vulnerabilities before attackers can exploit them."
23,Database Management Systems,"Database management systems organize and store data efficiently for retrieval and manipulation by applications. Relational databases use structured query language to manage tables with defined schemas and relationships. NoSQL databases offer flexible schemas for handling unstructured data like documents and graphs. Database replication and sharding strategies ensure high availability and performance at scale. Query optimization and indexing techniques are essential for maintaining fast response times as data volumes grow."
24,Python Programming,"Python programming language is widely used for data science, web development, and automation tasks. Its simple syntax and extensive library ecosystem make it accessible to beginners and powerful for experts. Frameworks like Django and Flask enable rapid development of web applications and APIs. Python dominates the machine learning field with libraries such as scikit-learn, TensorFlow, and PyTorch. The language continues to grow in popularity across education and industry for general purpose programming."
25,Digital Transformation,"Digital transformation involves integrating technology into all areas of business to improve operations and customer experience. Legacy systems must be modernized to support cloud-based architectures and data-driven decision making. Change management is critical for helping employees adapt to new digital tools and workflows. Customer expectations for seamless digital experiences drive organizations to invest in mobile and web platforms. Measuring the return on investment of digital transformation initiatives requires clear metrics and long-term commitment."
